country;city;street;region
Afghanistan,af;Kabul;Main Street;Kabul Prov
Albania,al;Tirana;Freedom Boulevard;Tirana Cou
Algeria,dz;Algiers;Avenue des Martyrs;Algiers Pr
American Samoa,as;Pago Pago;Harbor Drive;Eastern Di
Andorra,ad;Andorra la Vella;Avenue Meritxell;Andorra la
Angola,ao;Luanda;Independence Avenue;Luanda Pro
Anguilla,ai;The Valley;James Ronald Webster Road;Anguilla
Antigua and Barbuda,ag;St. John's;Market Street;Saint John
Argentina,ar;Buenos Aires;Avenida 9 de Julio;Buenos Air
Armenia,am;Yerevan;Mashtots Avenue;Yerevan Pr
Aruba,aw;Oranjestad;L.G. Smith Boulevard;Aruba
Australia,au;Sydney;George Street;New South
Austria,at;Vienna;Ringstrasse;Vienna
Azerbaijan,az;Baku;Nizami Street;Baku City
Bahamas,bs;Nassau;Bay Street;New Provi
Bahrain,bh;Manama;Government Avenue;Capital Go
Bangladesh,bd;Dhaka;Shahbagh;Dhaka Divi
Barbados,bb;Bridgetown;Broad Street;Saint Mich
Belarus,by;Minsk;Independence Avenue;Minsk Regi
Belgium,be;Brussels;Grand Place;Brussels C
Belize,bz;Belmopan;Ring Road;Cayo Distr
Benin,bj;Porto-Novo;Avenue Clozel;Ou?m? Depa
Bermuda,bm;Hamilton;Front Street;Pembroke P
Bhutan,bt;Thimphu;Norzin Lam;Thimphu Di
Bolivia,bo;La Paz;Avenida Mariscal Santa Cruz;La Paz Dep
Bonaire,an;Kralendijk;Kaya Grandi;Bonaire
Bosnia and Herzegovina,ba;Sarajevo;Ferhadija Street;Sarajevo C
Botswana,bw;Gaborone;Independence Avenue;South-East
Brazil,br;Bras?lia;Esplanada dos Minist?rios;Distrito F
Brunei,bn;Bandar Seri Begawan;Jalan Sultan;Brunei-Mua
Bulgaria,bg;Sofia;Vitosha Boulevard;Sofia City
Burkina Faso,bf;Ouagadougou;Avenue Kwam? N'Krumah;Centre Reg
Burundi,bi;Bujumbura;Avenue de l'Ind?pendance;Bujumbura
Cambodia,kh;Phnom Penh;Sisowath Quay;Phnom Penh
Cameroon,cm;Yaound?;Avenue Winston Churchill;Centre Pro
Canada,ca;Ottawa;Parliament Hill;Ontario
Canary Islands,es;Las Palmas;Calle Mayor de Triana;Las Palmas
Cape Verde,cv;Praia;Avenida Cidade Lisboa;Santiago I
Cayman Islands,ky;George Town;Shedden Road;Grand Caym
Central African Republic,cf;Bangui;Avenue des Martyrs;Bangui
Chad,td;N'Djamena;Avenue Charles de Gaulle;N'Djamena
Chile,cl;Santiago;Avenida Libertador Bernardo O'Higgins;Santiago
China,cn;Beijing;Chang'an Avenue;Beijing
Colombia,co;Bogot?;Carrera 7;Bogot?
Comoro Islands,km;Moroni;Avenue de l'Ind?pendance;Grande Com
Congo,cg;Brazzaville;Avenue des Trois Martyrs;Brazzavil
Cook Islands,ck;Avarua;Main Road;Rarotonga
Costa Rica,cr;San Jos?;Avenida Central;San Jos? P
Croatia,hr;Zagreb;Ilica Street;City of Za
Cuba,cu;Havana;Paseo de Mart?;Havana Pro
Cyprus,cy;Nicosia;Archbishop Makarios III Avenue;Nicosia
Czech Republic,cz;Prague;Charles Bridge;Prague
Democratic Republic of Congo,cd;Kinshasa;Boulevard du 30 Juin;Kinshasa
Denmark,dk;Copenhagen;Str?get;Capital Re
Djibouti,dj;Djibouti;Rue de Djibouti;Djibouti
Dominica,dm;Roseau;Independence Street;Saint Geor
Dominican Republic,do;Santo Domingo;Calle El Conde;National D
Dutch (Netherlands) Antilles,an;Willemstad;Breedestraat;Cura?ao
East Timor,tl;Dili;Avenida dos Direitos Humanos;Dili
Ecuador,ec;Quito;Avenida Amazonas;Pichincha
Egypt,eg;Cairo;Tahrir Square;Cairo Gove
El Salvador,sv;San Salvador;Boulevard de los H?roes;San Salvad
England,uk;London;Oxford Street;Greater Lo
Equatorial Guinea,gq;Malabo;Avenida de la Independencia;Bioko Nort
Eritrea,er;Asmara;Harnet Avenue;Maekel Reg
Estonia,ee;Tallinn;Viru Street;Harju Coun
Ethiopia,et;Addis Ababa;Churchill Avenue;Addis Abab
Falkland Islands,fk;Stanley;Ross Road;East Falkl
Fiji,fj;Suva;Victoria Parade;Central Di
Finland,fi;Helsinki;Mannerheimintie;Uusimaa
France,fr;Paris;Champs-?lys?es;?le-de-Fra
French Guyana,gf;Cayenne;Avenue du G?n?ral de Gaulle;Cayenne
French Polynesia,pf;Papeete;Boulevard Pomare;Windward I
Gabonaise,ga;Libreville;Boulevard Triomphal;Estuaire P
Gambia,gm;Banjul;Independence Drive;Banjul
Georgia,ge;Tbilisi;Rustaveli Avenue;Tbilisi
Germany,de;Berlin;Unter den Linden;Berlin
Ghana,gh;Accra;Independence Avenue;Greater Ac
Gibraltar,gi;Gibraltar;Main Street;Gibraltar
Greece,gr;Athens;Ermou Street;Attica
Greenland,gl;Nuuk;Aqqusinersuaq;Sermersoo
Grenada,gd;St. George's;Carenage;Saint Geor
Guadeloupe,gp;Basse-Terre;Rue Christophe Colomb;Guadeloup
Guam,gu;Hag?t?a;Marine Corps Drive;Hag?t?a
Guatemala,gt;Guatemala City;Paseo de la Sexta;Guatemala
Guernsey,gg;St. Peter Port;High Street;Guernsey
Guinea,gn;Conakry;Boulevard de la R?publique;Conakry
Guinea Bissau,gw;Bissau;Avenida dos Combatentes da Liberdade;Bissau
Guyana,gy;Georgetown;Regent Street;Demerara-
Haiti,ht;Port-au-Prince;Champs de Mars;Ouest Depa
Hawaii,us;Honolulu;Kalakaua Avenue;Hawaii
Heard Island,hm;N/A;N/A;N/A
Honduras,hn;Tegucigalpa;Boulevard Moraz?n;Francisco
Hong Kong,hk;Hong Kong;Nathan Road;Hong Kong
Hungary,hu;Budapest;Andr?ssy Avenue;Budapest
Iceland,is;Reykjavik;Laugavegur;Capital Re
India,in;New Delhi;Rajpath;Delhi
Indonesia,id;Jakarta;Jalan Thamrin;Jakarta
Iran,ir;Tehran;Valiasr Street;Tehran Pro
Iraq,iq;Baghdad;Abu Nawas Street;Baghdad
Ireland,ie;Dublin;O'Connell Street;Dublin
Isle of Man,im;Douglas;Strand Street;Isle of Ma
Israel,il;Jerusalem;Jaffa Street;Jerusalem
Italy,it;Rome;Via del Corso;Lazio
Ivory Coast,ci;Abidjan;Boulevard Val?ry Giscard d'Estaing;Abidjan
Jamaica,jm;Kingston;King Street;Kingston
Japan,jp;Tokyo;Ginza;Tokyo
Jersey,je;St. Helier;King Street;Jersey
Jordan,jo;Amman;Rainbow Street;Amman Gov
Kazakhstan,kz;Nur-Sultan;Nurly Zhol Boulevard;Akmola Reg
Kenya,ke;Nairobi;Kenyatta Avenue;Nairobi Co
Kiribati,ki;Tarawa;Bairiki;Gilbert Is
Kosovo,rs;Pristina;Mother Teresa Boulevard;Pristina D
Kuwait,kw;Kuwait City;Arabian Gulf Street;Capital Go
Kyrgyzstan,kg;Bishkek;Chui Avenue;Chuy Regio
Laos,la;Vientiane;Lane Xang Avenue;Vientiane
Latvia,lv;Riga;Alberta Street;Riga
Lebanon,lb;Beirut;Hamra Street;Beirut Go
Lesotho,ls;Maseru;Kingsway;Maseru Dis
Liberia,lr;Monrovia;Broad Street;Montserrad
Libya,ly;Tripoli;Martyrs' Square;Tripoli
Liechtenstein,li;Vaduz;St?dtle;Oberland
Lithuania,lt;Vilnius;Gediminas Avenue;Vilnius Co
Luxembourg,lu;Luxembourg;Grand Rue;Luxembourg
Macau,mo;Macau;Avenida de Almeida Ribeiro;Macau
Macedonia,mk;Skopje;Macedonia Street;Skopje
Macquarie Island,aq;N/A;N/A;N/A
Madagascar,mg;Antananarivo;Avenue de l'Ind?pendance;Antananar
Malawi,mw;Lilongwe;Independence Avenue;Lilongwe
Malaysia,my;Kuala Lumpur;Jalan Bukit Bintang;Federal T
Maldives Islands,mv;Mal?;Majeedhee Magu;Mal?
Mali,ml;Bamako;Avenue de l'Ind?pendance;Bamako
Malta,mt;Valletta;Republic Street;Malta
Marocco,ma;Rabat;Avenue Mohammed V;Rabat-Sal
Marshal Islands,mh;Majuro;Uliga Road;Majuro At
Martinique,mq;Fort-de-France;Rue Victor Hugo;Martinique
Mauritania,mr;Nouakchott;Avenue Gamal Abdel Nasser;Nouakchot
Mauritius,mu;Port Louis;Corderie Street;Port Loui
Mayotte,yt;Mamoudzou;Rue du Commerce;Mayotte
Mexico,mx;Mexico City;Paseo de la Reforma;Mexico Ci
Micronesia,fm;Palikir;Tofol;Pohnpei S
Midway Atol,um;N/A;N/A;N/A
Moldova,md;Chi?in?u;Bulevardul ?tefan cel Mare;Chi?in?u
Monaco,mc;Monaco;Avenue des Sp?lugues;Monaco
Mongolia,mn;Ulaanbaatar;Peace Avenue;Ulaanbaat
Montenegro,me;Podgorica;Bulevar Svetog Petra Cetinjskog;Podgorica
Montserrat,ms;Plymouth;Davy Hill;Saint Ant
Mozambique,mz;Maputo;Avenida 25 de Setembro;Maputo Pr
Myanmar (Burma),mm;Naypyidaw;Pyay Road;Naypyidaw
Namibia,na;Windhoek;Independence Avenue;Khomas Re
Nauru,nr;Yaren;Aiwo District;Yaren Dist
Nepal,np;Kathmandu;Durbar Marg;Bagmati P
Netherland,nl;Amsterdam;Damrak;North Holl
New Caledonia,nc;Noum?a;Rue de l'Alma;South Prov
New Zealand,nz;Wellington;Lambton Quay;Wellingto
Nicaragua,ni;Managua;Avenida Bol?var;Managua
Niger,ne;Niamey;Boulevard Mali Bero;Niamey
Nigeria,ng;Abuja;Shehu Shagari Way;Federal C
Norfolk Islands,nf;Kingston;Taylors Road;Kingston
North Korea,kp;Pyongyang;Kim Il-sung Square;Pyongyang
Northen Ireland,uk;Belfast;Royal Avenue;Belfast
Norway,no;Oslo;Karl Johans gate;Oslo
Oman,om;Muscat;Sultan Qaboos Highway;Muscat Go
Pakistan,pk;Islamabad;Constitution Avenue;Islamabad
Palau,pw;Ngerulmud;Palaui Avenue;Melekeok
Palestinian Authority,ps;Ramallah;Al-Irsal Street;West Bank
Panama,pa;Panama City;Avenida Central;Panama Pr
Paraguay,py;Asunci?n;Palma Street;Asunci?n
Peru,pe;Lima;Jir?n de la Uni?n;Lima
Philippines,ph;Manila;Roxas Boulevard;Metro Man
Poland,pl;Warsaw;Krakowskie Przedmie?cie;Masovian
Portugal,pt;Lisbon;Avenida da Liberdade;Lisbon
Puerto Rico,pr;San Juan;Calle Fortaleza;Puerto Ri
Puerto Rico,pr;San Juan;Calle Fortaleza;Puerto Ri
Qatar,qa;Doha;Corniche Street;Ad Dawhah
Reunion,re;Saint-Denis;Rue de Paris;R?union
Romania,ro;Bucharest;Calea Victoriei;Bucharest
Russia,ru;Moscow;Tverskaya Street;Moscow
Rwanda,rw;Kigali;Avenue du Commerce;Kigali Ci
Saint Helena Island,sh;Jamestown;Main Street;Saint Hel
Saint Kitts and Nevis,kn;Basseterre;Bank Street;Saint Kitt
Saint Vincent and the Grenadines,vc;Kingstown;Bay Street;Saint Geo
Samoa,ws;Apia;Beach Road;Tuamasaga
San Marino,sm;San Marino;Piazzale Domus Plebis;San Marino
Sao Tome,st;Sao Tome;Avenida Marginal 12 de Julho;Sao Tome
Saudi Arabia,sa;Riyadh;King Fahd Road;Riyadh Pr
Scotland,uk;Edinburgh;Princes Street;Edinburgh
Senegal,sn;Dakar;Route de la Corniche Ouest;Dakar
Serbia,rs;Belgrade;Knez Mihailova Street;Belgrade
Seychelles Islands,sc;Victoria;Revolution Avenue;Greater V
Sierra Leone,sl;Freetown;Siaka Stevens Street;Western A
Singapore,sg;Singapore;Orchard Road;Central A
Slovakia,sk;Bratislava;Obchodn? Street;Bratislav
Slovenia,si;Ljubljana;Slovenska cesta;Ljubljana
Solomon Islands,sb;Honiara;Mendana Avenue;Guadalcan
Somalia,so;Mogadishu;Maka al Mukarama Road;Banaadir
South Africa,za;Johannesburg;Nelson Mandela Square;Gauteng P
South Georgia,gs;Grytviken;N/A;N/A
South Korea,kr;Seoul;Gangnam-daero;Seoul
South Sudan,ss;Juba;Ministries Road;Jubek Sta
Spain,es;Madrid;Gran Via;Community
Sri Lanka,lk;Colombo;Galle Road;Western P
St. Lucia,lc;Castries;Jeremie Street;Castries
Sudan,sd;Khartoum;Nile Street;Khartoum
Surinam,sr;Paramaribo;Domineestraat;Paramarib
Swaziland,sz;Mbabane;King Mswati III Avenue;Hhohho Di
Sweden,se;Stockholm;Drottninggatan;Stockholm
Switzerland,ch;Bern;Bundesplatz;Bern
Syria,sy;Damascus;Straight Street;Damascus
Tadzhikistan,tj;Dushanbe;Rudaki Avenue;Dushanbe
Taiwan,tw;Taipei;Zhongshan North Road;Taipei Ci
Tanzania,tz;Dar es Salaam;Samora Avenue;Dar es Sa
Thailand,th;Bangkok;Sukhumvit Road;Bangkok
Togo (Togolese),tg;Lom?;Boulevard du Mono;Maritime
Tokelau,tk;N/A;N/A;N/A
Tonga,to;Nuku'alofa;Taufa'ahau Road;Tongatapu
Trinidad and Tobago,tt;Port of Spain;Independence Square;Port of S
Tunisia,tn;Tunis;Avenue Habib Bourguiba;Tunis Gov
Turkey,tr;Ankara;Atat?rk Boulevard;Ankara
Turkmenistan,tm;Ashgabat;Magtymguly Avenue;Ashgabat
Turks and Caicos Islands,tc;Cockburn Town;Front Street;Grand Tur
Uganda,ug;Kampala;Kampala Road;Central R
Ukraine,ua;Kyiv;Khreshchatyk Street;Kyiv City
United Arab Emirates,ae;Abu Dhabi;Sheikh Zayed Road;Abu Dhabi
United Kingdom,uk;London;Oxford Street;Greater L
United States,us;Washington, D.C.;Pennsylvania Avenue;District
Uruguay,uy;Montevideo;18 de Julio Avenue;Montevide
Uzbekistan,uz;Tashkent;Amir Timur Street;Tashkent
Vanuatu,vu;Port Vila;Rue d'Utrecht;Shefa Pro
Vatican,va;Vatican City;Via della Conciliazione;Vatican C
Vatican,va;Vatican City;Via della Conciliazione;Vatican C
Venezuela,ve;Caracas;Avenida Bol?var;Capital D
Vietnam,vn;Hanoi;Ho?n Ki?m District;Hanoi
Virgin Islands (UK),vg;Road Town;Main Street;British V
Virgin Islands (USA),vi;Charlotte Amalie;Main Street;United St
Wales,uk;Cardiff;St Mary Street;Cardiff
Wallis and Futuna Islands,wf;Mata-Utu;Rue du G?n?ral de Gaulle;Wallis an
Yemen,ye;Sana'a;Al-Zubairi Street;Sana'a Go
Zambia,zm;Lusaka;Cairo Road;Lusaka Pr
Zanzibar,tz;Zanzibar City;Mizingani Road;Zanzibar
Zimbabwe,zw;Harare;Samora Machel Avenue;Harare Pr
